title,description
Target Letter to Trump Raises Possibility of Obstruction and Fraud Charges,
Republicans Shrug at Latest Possible Trump Indictment,
Michigan charged 16 Republicans with involvement in a fake electors scheme to overturn Donald Trump’s 2020 defeat.,
Here’s a look at three big questions surrounding the potential Trump indictment.,
"Russia Targets Grain Sites in Odesa, Ukraine Says",
"For These Ukrainian Soldiers, the Fight Is Personal",
South Africa’s president said that President Vladimir Putin of Russia would not attend a BRICS summit in his country.,
"In Florida, Swimmers Encounter an Ocean That Feels Like Steamy Syrup",
The U.S. weather by the numbers: Lots of triple-digit temperatures tell a story of relentless heat.,
"Facing Further Drought, Spain Turns to Medieval Solutions and ‘Ancient Wisdom’",
